name,org_code,org_type_code,website
Abby Kelley Foster Charter Public (District),04450000,5,https://www.akfcs.org
Abington,00010000,5,https://www.abingtonps.org
Academy Of the Pacific Rim Charter Public (District),04120000,5,https://www.pacrim.org
Acton-Boxborough,06000000,5,http://www.abschools.org/
Acushnet,00030000,5,https://www.acushnetschools.us
Advanced Math and Science Academy Charter (District),04300000,5,https://www.amsacs.org
Agawam,00050000,5,https://www.agawamed.org/
Alma del Mar Charter School (District),04090000,5,https://almadelmar.org
Amesbury,00070000,5,https://schools.amesburyma.gov/
Amherst,00080000,5,https://arps.org
Amherst-Pelham,06050000,5,https://arps.org
Andover,00090000,5,https://www.aps1.net
Argosy Collegiate Charter School (District),35090000,5,https://www.argosycollegiate.org
Arlington,00100000,5,https://www.arlington.k12.ma.us/
Ashburnham-Westminster,06100000,5,https://www.awrsd.org
Ashland,00140000,5,http://www.ashland.k12.ma.us
Assabet Valley Regional Vocational Technical,08010000,5,https://www.assabet.org
Athol-Royalston,06150000,5,https://www.arrsd.org
Atlantis Charter (District),04910000,5,https://www.atlantiscs.org
Attleboro,00160000,5,https://www.attleboroschools.com
Auburn,00170000,5,https://www.auburn.k12.ma.us
Avon,00180000,5,https://avon.k12.ma.us
Ayer Shirley School District,06160000,5,https://www.asrsd.org/
Barnstable,00200000,5,http://www.barnstable.k12.ma.us/
Baystate Academy Charter Public School (District),35020000,5,https://www.bacps.net
Bedford,00230000,5,https://bedfordps.org
Belchertown,00240000,5,https://www.belchertownps.org
Bellingham,00250000,5,https://www.bellinghamk12.org
Belmont,00260000,5,https://www.belmont.k12.ma.us
Benjamin Banneker Charter Public (District),04200000,5,https://www.banneker.org
Benjamin Franklin Classical Charter Public (District),04470000,5,https://www.bfccps.org
Berkley,00270000,5,https://www.BerkleyPublicSchools.org
Berkshire Arts and Technology Charter Public (District),04140000,5,https://www.bartcharter.org
Berkshire Hills,06180000,5,https://www.bhrsd.org
Berlin-Boylston,06200000,5,https://www.bbrsd.org
Beverly,00300000,5,https://www.beverlyschools.org
Billerica,00310000,5,https://www.billericak12.com
Blackstone Valley Regional Vocational Technical,08050000,5,https://www.valleytech.k12.ma.us
Blackstone-Millville,06220000,5,https://www.bmrsd.net
Blue Hills Regional Vocational Technical,08060000,5,https://www.bluehills.org
Boston,00350000,5,https://www.bostonpublicschools.org
Boston Collegiate Charter (District),04490000,5,https://www.bostoncollegiate.org
Boston Day and Evening Academy Charter (District),04240000,5,https://www.bdea.com
Boston Green Academy Horace Mann Charter School (District),04110000,5,https://www.bostongreenacademy.org
Boston Preparatory Charter Public (District),04160000,5,https://www.bostonprep.org
Boston Renaissance Charter Public (District),04810000,5,https://www.bostonrenaissance.org
Bourne,00360000,5,https://www.bourneps.org/
Boxford,00380000,5,https://www.tritownschoolunion.com
Braintree,00400000,5,http://www.braintreeschools.org
Brewster,00410000,5,http://nausetschools.org
Bridge Boston Charter School (District),04170000,5,https://www.bridgebostoncs.org
Bridgewater-Raynham,06250000,5,https://bridge-rayn.org
Brimfield,00430000,5,https://www.tantasqua.org
Bristol County Agricultural,09100000,5,https://www.bristolaggie.org
Bristol-Plymouth Regional Vocational Technical,08100000,5,https://www.bptech.org
Brockton,00440000,5,https://www.bpsma.org
Brooke Charter School (District),04280000,5,https://www.ebrooke.org
Brookfield,00450000,5,https://www.tantasqua.org
Brookline,00460000,5,http://www.brookline.k12.ma.us/
Burlington,00480000,5,https://www.burlingtonpublicschools.org
Cambridge,00490000,5,
Canton,00500000,5,https://www.cantonma.org/
Cape Cod Lighthouse Charter (District),04320000,5,http://www.cclighthouseschool.org
Cape Cod Regional Vocational Technical,08150000,5,https://capetech.us
Carlisle,00510000,5,https://www.carlisle.k12.ma.us
Carver,00520000,5,https://www.carver.org
Central Berkshire,06350000,5,https://www.cbrsd.org
Chelmsford,00560000,5,https://www.chelmsford.k12.ma.us
Chelsea,00570000,5,https://www.chelseaschools.com/
Chesterfield-Goshen,06320000,5,https://www.hr-k12.org
Chicopee,00610000,5,https://www.chicopeeps.org
Christa McAuliffe Charter School (District),04180000,5,https://www.mcauliffecharter.org
Clarksburg,00630000,5,https://www.clarksburgschool.org
Clinton,00640000,5,https://www.clinton.k12.ma.us
Codman Academy Charter Public (District),04380000,5,https://www.codmanacademy.org
Cohasset,00650000,5,http://www.cohassetk12.org
Collegiate Charter School of Lowell (District),35030000,5,https://collegiatelowell.org
Community Charter School of Cambridge (District),04360000,5,https://www.ccscambridge.org
Community Day Charter Public School (District),04400000,5,https://www.cdcps.org
Concord,00670000,5,https://www.concordpublicschools.net
Concord-Carlisle,06400000,5,https://www.concordps.org
Conservatory Lab Charter (District),04390000,5,https://www.conservatorylab.org
Conway,00680000,5,https://www.frsu38.org
Danvers,00710000,5,https://danverspublicschools.org
Dartmouth,00720000,5,https://www.dartmouth.school
Dedham,00730000,5,http://www.dedham.k12.ma.us
Deerfield,00740000,5,https://www.frsu38.org
Dennis-Yarmouth,06450000,5,https://www.dy-regional.k12.ma.us
Dighton-Rehoboth,06500000,5,https://www.drregional.org
Douglas,00770000,5,https://www.douglasps.net
Dover,00780000,5,http://www.doversherborn.org
Dover-Sherborn,06550000,5,http://www.doversherborn.org
Dracut,00790000,5,https://dracutps.org
Dudley Street Neighborhood Charter School (District),04070000,5,http://www.dudleystreetschool.org/
Dudley-Charlton Reg,06580000,5,http://dcrsd.org
Duxbury,00820000,5,https://www.duxbury.k12.ma.us
East Bridgewater,00830000,5,https://www.ebps.net
East Longmeadow,00870000,5,https://www.eastlongmeadowma.gov/378/Schools
Eastham,00850000,5,http://nausetschools.org
Easthampton,00860000,5,https://www.epsd.us
Easton,00880000,5,https://eastonmaschools.org
Edgartown,00890000,5,https://mvyps.org
Erving,00910000,5,https://www.union28.org
Essex North Shore Agricultural and Technical School District,08170000,5,https://essexnorthshore.org
Everett,00930000,5,https://www.everettpublicschools.org/
Excel Academy Charter (District),04100000,5,https://www.excelacademy.org
Fairhaven,00940000,5,https://www.fairhavenps.org/
Fall River,00950000,5,https://www.fallriverschools.org
Falmouth,00960000,5,https://www.falmouth.k12.ma.us
Farmington River Reg,06620000,5,https://www.frrsd.org
Fitchburg,00970000,5,http://www.fitchburgschools.org
Florida,00980000,5,https://www.abbottmemorial.org
Four Rivers Charter Public (District),04130000,5,https://www.fourriverscharter.org
Foxborough,00990000,5,http://www.foxborough.k12.ma.us
Foxborough Regional Charter (District),04460000,5,https://www.foxboroughrcs.org/
Framingham,01000000,5,https://framingham.k12.ma.us/23249_1
Francis W. Parker Charter Essential (District),04780000,5,https://www.theparkerschool.org
Franklin,01010000,5,http://www.franklinps.net
Franklin County Regional Vocational Technical,08180000,5,https://www.fcts.us
Freetown-Lakeville,06650000,5,https://www.freelake.org
Frontier,06700000,5,https://www.frsu38.org
Gardner,01030000,5,https://www.gardnerk12.org
Gateway,06720000,5,https://www.grsd.org
Georgetown,01050000,5,https://georgetown.k12.ma.us
Gill-Montague,06740000,5,https://www.gmrsd.org
Global Learning Charter Public (District),04960000,5,https://www.glcps.org/
Gloucester,01070000,5,https://www.gloucesterschools.com
Gosnold,01090000,5,
Grafton,01100000,5,http://graftonps.org/Domain/11
Granby,01110000,5,https://www.granbyschoolsma.org/
Greater Commonwealth Virtual District,39010000,5,https://www.gcvs.org
Greater Fall River Regional Vocational Technical,08210000,5,https://www.dimanregional.org
Greater Lawrence Regional Vocational Technical,08230000,5,https://www.glts.net
Greater Lowell Regional Vocational Technical,08280000,5,http://www.gltech.org
Greater New Bedford Regional Vocational Technical,08250000,5,http://www.gnbvt.edu
Greenfield,01140000,5,https://gpsk12.org/
Groton-Dunstable,06730000,5,https://www.gdrsd.org
Hadley,01170000,5,https://www.hadleyschools.org
Halifax,01180000,5,https://hes.slrsd.org
Hamilton-Wenham,06750000,5,https://www.hwschools.net
Hampden Charter School of Science (District),04990000,5,http://www.hampdencharter.org
Hampden-Wilbraham,06800000,5,https://www.hwrsd.org
Hampshire,06830000,5,https://www.hr-k12.org
Hancock,01210000,5,https://www.hancockschool.org
Hanover,01220000,5,http://hanoverschools.org
Harvard,01250000,5,https://www.psharvard.org
Hatfield,01270000,5,http://www.hatfieldps.net
Haverhill,01280000,5,http://www.haverhill-ps.org
Hawlemont,06850000,5,https://www.mtrsd.org/
Hill View Montessori Charter Public (District),04550000,5,https://www.hillviewmontessori.org
Hilltown Cooperative Charter Public (District),04500000,5,https://hilltowncharter.org
Hingham,01310000,5,https://www.hinghamschools.org
Holbrook,01330000,5,https://www.holbrook.k12.ma.us
Holland,01350000,5,https://www.tantasqua.org
Holliston,01360000,5,https://www.holliston.k12.ma.us
Holyoke,01370000,5,http://www.hps.holyoke.ma.us/
Holyoke Community Charter (District),04530000,5,https://www.hccs-sabis.net
Hoosac Valley Regional,06030000,5,https://www.hoosacvalley.org
Hopedale,01380000,5,https://www.hopedaleschools.org
Hopkinton,01390000,5,http://www.hopkinton.k12.ma.us
Hudson,01410000,5,https://www.hudson.k12.ma.us/
Hull,01420000,5,https://www.hullpublicschools.org/
Innovation Academy Charter (District),04350000,5,https://www.innovationcharter.org
Institutional Schools,03700000,5,https://www.doe.mass.edu/seis
Ipswich,01440000,5,http://www.ipsk12.net
KIPP Academy Boston Charter School (District),04630000,5,https://www.kippma.org
KIPP Academy Lynn Charter (District),04290000,5,https://www.kippma.org
King Philip,06900000,5,http://www.kingphilip.org
Kingston,01450000,5,https://slrsd.org
Lawrence,01490000,5,https://www.lawrence.k12.ma.us
Lawrence Family Development Charter (District),04540000,5,https://lfdcs.org
Learning First Charter Public School (District),04860000,5,https://learningfirstcharter.org
Lee,01500000,5,https://www.leepublicschools.net
Leicester,01510000,5,https://www.leicester.k12.ma.us
Lenox,01520000,5,https://www.lenoxps.org
Leominster,01530000,5,https://www.leominsterps.org
Leverett,01540000,5,https://www.union28.org
Lexington,01550000,5,https://www.lexingtonma.org/
Libertas Academy Charter School (District),35140000,5,https://libertasacademy.org
Lincoln,01570000,5,https://www.lincnet.org
Lincoln-Sudbury,06950000,5,https://www.lsrhs.net
Littleton,01580000,5,https://www.littletonps.org
Longmeadow,01590000,5,https://www.longmeadow.k12.ma.us
Lowell,01600000,5,http://www.lowell.k12.ma.us/
Lowell Community Charter Public (District),04560000,5,https://www.lccps.org
Lowell Middlesex Academy Charter (District),04580000,5,https://www.lmacs.org
Ludlow,01610000,5,https://ludlowps.org
Lunenburg,01620000,5,http://www.lunenburgschools.net
Lynn,01630000,5,https://www.lynnschools.org
Lynnfield,01640000,5,http://www.lynnfield.k12.ma.us
Ma Academy for Math and Science,04680000,5,https://www.massacademy.org
Malden,01650000,5,http://www.maldenps.org/
Manchester Essex Regional,06980000,5,https://www.mersd.org
Mansfield,01670000,5,https://www.mansfieldschools.com
Map Academy Charter School (District),35170000,5,https://themapacademy.org
Marblehead,01680000,5,https://www.marbleheadschools.org/
Marblehead Community Charter Public (District),04640000,5,https://marbleheadcharter.org
Marion,01690000,5,https://www.oldrochester.org
Marlborough,01700000,5,https://www.mps-edu.org
Marshfield,01710000,5,http://www.mpsd.org
Martha's Vineyard,07000000,5,https://www.mvrhs.org
Martha's Vineyard Charter Public School (District),04660000,5,https://www.mvpcs.org
"Martin Luther King, Jr. Charter School of Excellence (District)",04920000,5,https://www.mlkcs.org
Masconomet,07050000,5,https://www.masconomet.org
Mashpee,01720000,5,https://www.mpspk12.org
Match Charter Public School (District),04690000,5,https://www.matchschool.org
Mattapoisett,01730000,5,https://www.oldrochester.org
Maynard,01740000,5,https://www.maynard.k12.ma.us
Medfield,01750000,5,https://www.medfield.net
Medford,01760000,5,https://www.mps02155.org/
Medway,01770000,5,https://www.medwayschools.org
Melrose,01780000,5,https://www.melroseschools.com
Mendon-Upton,07100000,5,https://www.mursd.org
Methuen,01810000,5,https://www.methuen.k12.ma.us
Middleborough,01820000,5,https://www.middleboro.k12.ma.us
Middleton,01840000,5,https://www.tritownschoolunion.com
Milford,01850000,5,https://www.milfordpublicschools.com
Millbury,01860000,5,http://www.millburyschools.org
Millis,01870000,5,https://www.millisps.org
Milton,01890000,5,https://www.miltonps.org
Minuteman Regional Vocational Technical,08300000,5,https://www.minuteman.org
Mohawk Trail,07170000,5,https://www.mtrsd.org/
Monomoy Regional School District,07120000,5,https://www.monomoy.edu
Monson,01910000,5,https://www.monsonschools.com
Montachusett Regional Vocational Technical,08320000,5,http://www.montytech.net
Mount Greylock,07150000,5,https://www.mgrsd.org
Mystic Valley Regional Charter (District),04700000,5,https://www.mvrcs.com
Nahant,01960000,5,http://www.johnsonschool.org
Nantucket,01970000,5,https://www.npsk.org
Narragansett,07200000,5,https://www.nrsd.org
Nashoba,07250000,5,https://www.nrsd.net
Nashoba Valley Regional Vocational Technical,08520000,5,http://www.nashobatech.net
Natick,01980000,5,https://www.natickps.org
Nauset,06600000,5,http://nausetschools.org
Needham,01990000,5,http://www.needham.k12.ma.us
Neighborhood House Charter (District),04440000,5,https://www.thenhcs.org
New Bedford,02010000,5,http://www.newbedfordschools.org
New Heights Charter School of Brockton (District),35130000,5,https://www.newheightscharterschool.com
New Salem-Wendell,07280000,5,https://www.union28.org
Newburyport,02040000,5,https://www.newburyport.k12.ma.us
Newton,02070000,5,http://www.newton.k12.ma.us
Norfolk,02080000,5,https://www.norfolk.k12.ma.us
Norfolk County Agricultural,09150000,5,https://www.norfolkaggie.org
North Adams,02090000,5,https://www.napsk12.org
North Andover,02110000,5,https://www.northandoverpublicschools.com
North Attleborough,02120000,5,https://www.naschools.net
North Brookfield,02150000,5,https://www.nbschools.org
North Middlesex,07350000,5,http://www.nmrsd.org
North Reading,02170000,5,http://www.north-reading.k12.ma.us/Pages/index
Northampton,02100000,5,https://northamptonschools.org
Northampton-Smith Vocational Agricultural,04060000,5,https://www.smithtec.org
Northboro-Southboro,07300000,5,http://www.nsboro.k12.ma.us
Northborough,02130000,5,http://www.nsboro.k12.ma.us
Northbridge,02140000,5,https://www.nps.org
Northeast Metropolitan Regional Vocational Technical,08530000,5,https://northeastmetrotech.com
Northern Berkshire Regional Vocational Technical,08510000,5,https://www.mccanntech.org
Norton,02180000,5,https://www.norton.k12.ma.us
Norwell,02190000,5,https://www.norwellschools.org
Norwood,02200000,5,https://www.norwood.k12.ma.us
Oak Bluffs,02210000,5,http://www.mvyps.org/
Old Colony Regional Vocational Technical,08550000,5,https://www.oldcolony.us
Old Rochester,07400000,5,https://www.oldrochester.org/
Old Sturbridge Academy Charter Public School (District),35150000,5,http://www.osacps.org
Orange,02230000,5,http://www.orange-elem.org/
Orleans,02240000,5,http://nausetschools.org
Oxford,02260000,5,https://www.oxps.org
Palmer,02270000,5,https://www.palmerschools.org
Pathfinder Regional Vocational Technical,08600000,5,https://pathfindertech.org
Peabody,02290000,5,https://www.peabody.k12.ma.us
Pelham,02300000,5,https://arps.org
Pembroke,02310000,5,https://www.pembrokek12.org
Pentucket,07450000,5,https://www.prsd.org
Petersham,02340000,5,https://www.petershamcenterschool.org
"Phoenix Academy Charter Public High School, Chelsea (District)",04930000,5,https://www.phoenixcharteracademy.org
"Phoenix Academy Public Charter High School, Lawrence (District)",35180000,5,http://www.phoenixcharteracademy.org
"Phoenix Academy Public Charter High School, Springfield (District)",35080000,5,https://www.phoenixcharteracademy.org
Pioneer Charter School of Science (District),04940000,5,https://www.pioneercss.org
Pioneer Charter School of Science II (District),35060000,5,
Pioneer Valley,07500000,5,https://www.pvrsdk12.org
Pioneer Valley Chinese Immersion Charter (District),04970000,5,https://www.pvcics.org
Pioneer Valley Performing Arts Charter Public (District),04790000,5,https://www.pvpa.org
Pittsfield,02360000,5,https://www.pittsfield.net
Plainville,02380000,5,http://www.plainville.k12.ma.us
Plymouth,02390000,5,https://www.plymouth.k12.ma.us
Plympton,02400000,5,https://des.slrsd.org
Prospect Hill Academy Charter (District),04870000,5,https://www.phacs.org
Provincetown,02420000,5,https://www.provincetownschools.com
Quabbin,07530000,5,https://www.qrsd.org
Quaboag Regional,07780000,5,https://www.quaboagrsd.org
Quincy,02430000,5,https://QuincyPublicSchools.com
Ralph C Mahar,07550000,5,https://www.rcmahar.org
Randolph,02440000,5,https://www.randolph.k12.ma.us
Reading,02460000,5,https://www.reading.k12.ma.us
Revere,02480000,5,https://www.reverek12.org
Richmond,02490000,5,http://www.richmondconsolidated.org
Rising Tide Charter Public (District),04830000,5,https://www.risingtide.org
River Valley Charter (District),04820000,5,https://www.rivervalleycharter.org
Rochester,02500000,5,https://www.oldrochester.org
Rockland,02510000,5,https://www.rocklandschools.org
Rockport,02520000,5,https://www.rpk12.org
Rowe,02530000,5,https://Roweschool.com
Roxbury Preparatory Charter (District),04840000,5,https://roxburyprep.uncommonschools.org/
Salem,02580000,5,http://salemk12.org
Salem Academy Charter (District),04850000,5,https://www.salemacademycs.org
Sandwich,02610000,5,http://www.sandwichk12.org/
Saugus,02620000,5,https://www.saugus.k12.ma.us
Savoy,02630000,5,https://Savoyelementary.com
Scituate,02640000,5,https://scit.org/
Seekonk,02650000,5,https://www.seekonkschools.org
Sharon,02660000,5,https://www.sharonschools.net
Shawsheen Valley Regional Vocational Technical,08710000,5,https://www.shawsheentech.org/
Sherborn,02690000,5,http://www.doversherborn.org
Shrewsbury,02710000,5,https://schools.shrewsburyma.gov/
Shutesbury,02720000,5,https://www.union28.org
Silver Lake,07600000,5,https://slrsd.org
Sizer School: A North Central Charter Essential (District),04740000,5,http://www.sizerschool.org
Somerset,02730000,5,https://www.somersetschools.org
Somerset Berkley Regional School District,07630000,5,https://somersetschools.org
Somerville,02740000,5,https://www.somerville.k12.ma.us
South Hadley,02780000,5,http://www.southhadleyschools.org
South Middlesex Regional Vocational Technical,08290000,5,https://www.KeefeTech.org
South Shore Charter Public (District),04880000,5,https://www.sscps.org
South Shore Regional Vocational Technical,08730000,5,https://southshore.tech
Southampton,02750000,5,http://www.hr-k12.org
Southborough,02760000,5,http://www.nsboro.k12.ma.us
Southbridge,02770000,5,http://www.southbridgepublic.org/
Southeastern Regional Vocational Technical,08720000,5,https://www.sersd.org
Southern Berkshire,07650000,5,https://www.sbrsd.org
Southern Worcester County Regional Vocational School District,08760000,5,https://www.baypath.net
Southwick-Tolland-Granville Regional School District,07660000,5,https://www.stgrsd.org/
Spencer-E Brookfield,07670000,5,https://www.sebrsd.org
Springfield,02810000,5,https://www.springfieldpublicschools.com
Springfield International Charter (District),04410000,5,https://www.sics.org
Springfield Preparatory Charter School (District),35100000,5,https://springfieldprep.org
Stoneham,02840000,5,https://www.stonehamschools.org
Stoughton,02850000,5,https://www.stoughtonschools.org
Sturbridge,02870000,5,https://www.tantasqua.org
Sturgis Charter Public (District),04890000,5,https://www.sturgischarterschool.com
Sudbury,02880000,5,http://www.sudbury.k12.ma.us
Sunderland,02890000,5,https://www.frsu38.org
Sutton,02900000,5,https://www.suttonschools.net
Swampscott,02910000,5,https://www.swampscottps.org
Swansea,02920000,5,https://www.swanseaschools.org
Tantasqua,07700000,5,https://www.tantasqua.org
Taunton,02930000,5,http://www.tauntonschools.org
Tewksbury,02950000,5,https://www.tewksbury.k12.ma.us
Tisbury,02960000,5,http://www.mvyps.org/
Topsfield,02980000,5,https://www.tritownschoolunion.com
Tri-County Regional Vocational Technical,08780000,5,https://www.tri-county.us
Triton,07730000,5,http://www.tritonschools.org
Truro,03000000,5,https://www.truromass.org
Tyngsborough,03010000,5,https://www.tyngsboroughps.org
UP Academy Charter School of Dorchester (District),35050000,5,https://www.upacademydorchester.org
Up-Island Regional,07740000,5,http://www.mvyps.org/
Upper Cape Cod Regional Vocational Technical,08790000,5,https://www.uppercapetech.com
Uxbridge,03040000,5,https://www.uxbridgeschools.com
Veritas Preparatory Charter School (District),04980000,5,https://veritasprepma.org
Wachusett,07750000,5,https://www.wrsd.net
Wakefield,03050000,5,http://www.wakefieldpublicschools.org
Wales,03060000,5,https://www.tantasqua.org
Walpole,03070000,5,http://www.walpole.k12.ma.us/
Waltham,03080000,5,https://www.walthampublicschools.org/
Ware,03090000,5,https://www.wareps.org
Wareham,03100000,5,https://warehamps.schoolblocks.com
Warwick,03120000,5,https://warwick-k12.us/
Watertown,03140000,5,http://www.watertown.k12.ma.us
Wayland,03150000,5,http://www.wayland.k12.ma.us
Webster,03160000,5,https://www.webster-schools.org
Wellesley,03170000,5,https://wellesleyps.org
Wellfleet,03180000,5,http://nausetschools.org
West Boylston,03220000,5,https://www.wbschools.com/
West Bridgewater,03230000,5,
West Springfield,03320000,5,https://www.wsps.org
Westborough,03210000,5,https://www.westboroughk12.org
Westfield,03250000,5,https://www.schoolsofwestfield.org
Westford,03260000,5,http://westfordk12.us/Pages/index
Westhampton,03270000,5,http://www.hr-k12.org
Weston,03300000,5,https://www.westonschools.org
Westport,03310000,5,https://www.westportschools.org
Westwood,03350000,5,https://www.westwood.k12.ma.us
Weymouth,03360000,5,http://www.weymouthschools.org/
Whately,03370000,5,https://www.frsu38.org
Whitman-Hanson,07800000,5,https://whrsd.org
Whittier Regional Vocational Technical,08850000,5,https://www.whittiertech.org
Williamsburg,03400000,5,http://www.hr-k12.org
Wilmington,03420000,5,https://www.wpsk12.com
Winchendon,03430000,5,https://www.winchendonk12.org
Winchester,03440000,5,https://www.winchesterps.org
Winthrop,03460000,5,
Woburn,03470000,5,https://www.woburnpublicschools.com
Worcester,03480000,5,https://www.worcesterschools.org
Worcester Cultural Academy Charter Public School (District),35190000,5,https://www.wcacps.org/
Worthington,03490000,5,https://www.rhconwell.org/
Wrentham,03500000,5,https://wrentham.k12.ma.us
