number,name,org_code,district_type,website,status,reason,error
4,Acton-Boxborough,06000000,Public School District,http://www.abschools.org/,,connection_error,"('Connection aborted.', RemoteDisconnected('Remote end closed connection without response'))"
13,Argosy Collegiate Charter School (District),35090000,Charter District,https://www.argosycollegiate.org,403,http_403,
15,Ashburnham-Westminster,06100000,Public School District,https://www.awrsd.org,,connection_error,"('Connection aborted.', RemoteDisconnected('Remote end closed connection without response'))"
19,Atlantis Charter (District),04910000,Charter District,https://www.atlantiscs.org,403,http_403,
26,Bedford,00230000,Public School District,https://bedfordps.org,,ssl_error,"HTTPSConnectionPool(host='bedfordps.org', port=443): Max retries exceeded with url: / (Caused by SSLError(SSLError(1, '[SSL: SSLV3_ALERT_HANDSHAKE_FAILURE] sslv3 alert handshake failure (_ssl.c:1000)')))"
28,Bellingham,00250000,Public School District,https://www.bellinghamk12.org,,connection_error,"('Connection aborted.', RemoteDisconnected('Remote end closed connection without response'))"
34,Berkshire Hills,06180000,Public School District,https://www.bhrsd.org,,connection_error,"('Connection aborted.', RemoteDisconnected('Remote end closed connection without response'))"
46,Boston Renaissance Charter Public (District),04810000,Charter District,https://www.bostonrenaissance.org,403,http_403,
48,Boxford,00380000,Public School District,https://www.tritownschoolunion.com,,connection_error,"('Connection aborted.', RemoteDisconnected('Remote end closed connection without response'))"
74,Clinton,00640000,Public School District,https://www.clinton.k12.ma.us,,connection_error,"('Connection aborted.', RemoteDisconnected('Remote end closed connection without response'))"
77,Collegiate Charter School of Lowell (District),35030000,Charter District,https://collegiatelowell.org,,connection_error,"('Connection aborted.', RemoteDisconnected('Remote end closed connection without response'))"
79,Community Day Charter Public School (District),04400000,Charter District,https://www.cdcps.org,403,http_403,
86,Dedham,00730000,Public School District,http://www.dedham.k12.ma.us,,connection_error,"('Connection aborted.', RemoteDisconnected('Remote end closed connection without response'))"
88,Dennis-Yarmouth,06450000,Public School District,https://www.dy-regional.k12.ma.us,,connection_error,"('Connection aborted.', RemoteDisconnected('Remote end closed connection without response'))"
107,Excel Academy Charter (District),04100000,Charter District,https://www.excelacademy.org,403,http_403,
121,Freetown-Lakeville,06650000,Public School District,https://www.freelake.org,,connection_error,"('Connection aborted.', RemoteDisconnected('Remote end closed connection without response'))"
130,Grafton,01100000,Public School District,http://graftonps.org/Domain/11,403,http_403,
140,Halifax,01180000,Public School District,https://hes.slrsd.org,,ssl_error,"HTTPSConnectionPool(host='hes.slrsd.org', port=443): Max retries exceeded with url: / (Caused by SSLError(SSLCertVerificationError(1, '[SSL: CERTIFICATE_VERIFY_FAILED] certificate verify failed: unable to get local issuer certificate (_ssl.c:1000)')))"
145,Hancock,01210000,Public School District,https://www.hancockschool.org,,ssl_error,"HTTPSConnectionPool(host='www.hancockschool.org', port=443): Max retries exceeded with url: / (Caused by SSLError(SSLCertVerificationError(1, ""[SSL: CERTIFICATE_VERIFY_FAILED] certificate verify failed: Hostname mismatch, certificate is not valid for 'www.hancockschool.org'. (_ssl.c:1000)"")))"
146,Hanover,01220000,Public School District,http://hanoverschools.org,403,http_403,
147,Harvard,01250000,Public School District,https://www.psharvard.org,,connection_error,"('Connection aborted.', RemoteDisconnected('Remote end closed connection without response'))"
149,Haverhill,01280000,Public School District,http://www.haverhill-ps.org,,connection_error,"('Connection aborted.', RemoteDisconnected('Remote end closed connection without response'))"
158,Holyoke Community Charter (District),04530000,Charter District,https://www.hccs-sabis.net,,ssl_error,"HTTPSConnectionPool(host='www.hccs-sabis.net', port=443): Max retries exceeded with url: / (Caused by SSLError(SSLCertVerificationError(1, ""[SSL: CERTIFICATE_VERIFY_FAILED] certificate verify failed: Hostname mismatch, certificate is not valid for 'www.hccs-sabis.net'. (_ssl.c:1000)"")))"
170,Kingston,01450000,Public School District,https://slrsd.org,,ssl_error,"HTTPSConnectionPool(host='slrsd.org', port=443): Max retries exceeded with url: / (Caused by SSLError(SSLCertVerificationError(1, '[SSL: CERTIFICATE_VERIFY_FAILED] certificate verify failed: unable to get local issuer certificate (_ssl.c:1000)')))"
171,Lawrence,01490000,Public School District,https://www.lawrence.k12.ma.us,403,http_403,
177,Leominster,01530000,Public School District,https://www.leominsterps.org,,ssl_error,"HTTPSConnectionPool(host='www.leominsterps.org', port=443): Max retries exceeded with url: / (Caused by SSLError(SSLCertVerificationError(1, '[SSL: CERTIFICATE_VERIFY_FAILED] certificate verify failed: unable to get local issuer certificate (_ssl.c:1000)')))"
181,Lincoln,01570000,Public School District,https://www.lincnet.org,,connection_error,"('Connection aborted.', RemoteDisconnected('Remote end closed connection without response'))"
182,Lincoln-Sudbury,06950000,Public School District,https://www.lsrhs.net,,connection_error,"('Connection aborted.', RemoteDisconnected('Remote end closed connection without response'))"
188,Ludlow,01610000,Public School District,https://ludlowps.org,,connection_error,"('Connection aborted.', RemoteDisconnected('Remote end closed connection without response'))"
190,Lynn,01630000,Public School District,https://www.lynnschools.org,,connection_error,"('Connection aborted.', RemoteDisconnected('Remote end closed connection without response'))"
198,Marblehead Community Charter Public (District),04640000,Charter District,https://marbleheadcharter.org,,connection_error,"('Connection aborted.', RemoteDisconnected('Remote end closed connection without response'))"
217,Middleton,01840000,Public School District,https://www.tritownschoolunion.com,,connection_error,"('Connection aborted.', RemoteDisconnected('Remote end closed connection without response'))"
219,Millbury,01860000,Public School District,http://www.millburyschools.org,,connection_error,"('Connection aborted.', RemoteDisconnected('Remote end closed connection without response'))"
222,Minuteman Regional Vocational Technical,08300000,Public School District,https://www.minuteman.org,,connection_error,"('Connection aborted.', RemoteDisconnected('Remote end closed connection without response'))"
237,Neighborhood House Charter (District),04440000,Charter District,https://www.thenhcs.org,403,http_403,
238,New Bedford,02010000,Public School District,http://www.newbedfordschools.org,,connection_error,"('Connection aborted.', RemoteDisconnected('Remote end closed connection without response'))"
239,New Heights Charter School of Brockton (District),35130000,Charter District,https://www.newheightscharterschool.com,403,http_403,
250,North Reading,02170000,Public School District,http://www.north-reading.k12.ma.us/Pages/index,404,http_404,
251,Northampton,02100000,Public School District,https://northamptonschools.org,,connection_error,"('Connection aborted.', RemoteDisconnected('Remote end closed connection without response'))"
253,Northboro-Southboro,07300000,Public School District,http://www.nsboro.k12.ma.us,,connection_error,"('Connection aborted.', RemoteDisconnected('Remote end closed connection without response'))"
254,Northborough,02130000,Public School District,http://www.nsboro.k12.ma.us,,connection_error,"('Connection aborted.', RemoteDisconnected('Remote end closed connection without response'))"
256,Northeast Metropolitan Regional Vocational Technical,08530000,Public School District,https://northeastmetrotech.com,520,http_520,
258,Norton,02180000,Public School District,https://www.norton.k12.ma.us,,connection_error,"('Connection aborted.', RemoteDisconnected('Remote end closed connection without response'))"
260,Norwood,02200000,Public School District,https://www.norwood.k12.ma.us,,ssl_error,"HTTPSConnectionPool(host='www.norwood.k12.ma.us', port=443): Max retries exceeded with url: / (Caused by SSLError(SSLCertVerificationError(1, '[SSL: CERTIFICATE_VERIFY_FAILED] certificate verify failed: unable to get local issuer certificate (_ssl.c:1000)')))"
267,Oxford,02260000,Public School District,https://www.oxps.org,,connection_error,"('Connection aborted.', RemoteDisconnected('Remote end closed connection without response'))"
286,Plympton,02400000,Public School District,https://des.slrsd.org,,ssl_error,"HTTPSConnectionPool(host='des.slrsd.org', port=443): Max retries exceeded with url: / (Caused by SSLError(SSLCertVerificationError(1, '[SSL: CERTIFICATE_VERIFY_FAILED] certificate verify failed: unable to get local issuer certificate (_ssl.c:1000)')))"
293,Randolph,02440000,Public School District,https://www.randolph.k12.ma.us,,ssl_error,"HTTPSConnectionPool(host='www.randolph.k12.ma.us', port=443): Max retries exceeded with url: / (Caused by SSLError(SSLCertVerificationError(1, '[SSL: CERTIFICATE_VERIFY_FAILED] certificate verify failed: unable to get local issuer certificate (_ssl.c:1000)')))"
301,Rockport,02520000,Public School District,https://www.rpk12.org,,connection_error,"('Connection aborted.', RemoteDisconnected('Remote end closed connection without response'))"
302,Rowe,02530000,Public School District,https://Roweschool.com,,connection_error,"HTTPSConnectionPool(host='roweschool.com', port=443): Max retries exceeded with url: / (Caused by NameResolutionError(""<urllib3.connection.HTTPSConnection object at 0x7f37705cb920>: Failed to resolve 'roweschool.com' ([Errno -2] Name or service not known)""))"
303,Roxbury Preparatory Charter (District),04840000,Charter District,https://roxburyprep.uncommonschools.org/,403,http_403,
306,Sandwich,02610000,Public School District,http://www.sandwichk12.org/,,connection_error,"('Connection aborted.', RemoteDisconnected('Remote end closed connection without response'))"
309,Scituate,02640000,Public School District,https://scit.org/,,connection_error,"('Connection aborted.', RemoteDisconnected('Remote end closed connection without response'))"
316,Silver Lake,07600000,Public School District,https://slrsd.org,,ssl_error,"HTTPSConnectionPool(host='slrsd.org', port=443): Max retries exceeded with url: / (Caused by SSLError(SSLCertVerificationError(1, '[SSL: CERTIFICATE_VERIFY_FAILED] certificate verify failed: unable to get local issuer certificate (_ssl.c:1000)')))"
319,Somerset Berkley Regional School District,07630000,Public School District,https://somersetschools.org,,ssl_error,"HTTPSConnectionPool(host='somersetschools.org', port=443): Max retries exceeded with url: / (Caused by SSLError(SSLCertVerificationError(1, ""[SSL: CERTIFICATE_VERIFY_FAILED] certificate verify failed: Hostname mismatch, certificate is not valid for 'somersetschools.org'. (_ssl.c:1000)"")))"
320,Somerville,02740000,Public School District,https://www.somerville.k12.ma.us,,ssl_error,"HTTPSConnectionPool(host='www.somerville.k12.ma.us', port=443): Max retries exceeded with url: / (Caused by SSLError(SSLCertVerificationError(1, ""[SSL: CERTIFICATE_VERIFY_FAILED] certificate verify failed: Hostname mismatch, certificate is not valid for 'www.somerville.k12.ma.us'. (_ssl.c:1000)"")))"
326,Southborough,02760000,Public School District,http://www.nsboro.k12.ma.us,,connection_error,"('Connection aborted.', RemoteDisconnected('Remote end closed connection without response'))"
329,Southern Berkshire,07650000,Public School District,https://www.sbrsd.org,,connection_error,"('Connection aborted.', RemoteDisconnected('Remote end closed connection without response'))"
347,Taunton,02930000,Public School District,http://www.tauntonschools.org,,connection_error,"('Connection aborted.', RemoteDisconnected('Remote end closed connection without response'))"
350,Topsfield,02980000,Public School District,https://www.tritownschoolunion.com,,connection_error,"('Connection aborted.', RemoteDisconnected('Remote end closed connection without response'))"
352,Triton,07730000,Public School District,http://www.tritonschools.org,403,http_403,
355,UP Academy Charter School of Dorchester (District),35050000,Charter District,https://www.upacademydorchester.org,,timeout,"HTTPSConnectionPool(host='www.upacademydorchester.org', port=443): Read timed out. (read timeout=10.0)"
358,Uxbridge,03040000,Public School District,https://www.uxbridgeschools.com,,connection_error,"('Connection aborted.', RemoteDisconnected('Remote end closed connection without response'))"
364,Waltham,03080000,Public School District,https://www.walthampublicschools.org/,,connection_error,"('Connection aborted.', RemoteDisconnected('Remote end closed connection without response'))"
368,Watertown,03140000,Public School District,http://www.watertown.k12.ma.us,,connection_error,"('Connection aborted.', RemoteDisconnected('Remote end closed connection without response'))"
369,Wayland,03150000,Public School District,http://www.wayland.k12.ma.us,,connection_error,"('Connection aborted.', RemoteDisconnected('Remote end closed connection without response'))"
373,West Boylston,03220000,Public School District,https://www.wbschools.com/,,connection_error,"HTTPSConnectionPool(host='www.wbschools.com', port=443): Max retries exceeded with url: / (Caused by ConnectTimeoutError(<urllib3.connection.HTTPSConnection object at 0x7f37704e0560>, 'Connection to www.wbschools.com timed out. (connect timeout=10.0)'))"
375,West Springfield,03320000,Public School District,https://www.wsps.org,403,http_403,
378,Westford,03260000,Public School District,http://westfordk12.us/Pages/index,404,http_404,
390,Winchester,03440000,Public School District,https://www.winchesterps.org,,connection_error,"('Connection aborted.', RemoteDisconnected('Remote end closed connection without response'))"
392,Woburn,03470000,Public School District,https://www.woburnpublicschools.com,,ssl_error,"HTTPSConnectionPool(host='www.creocoding.com', port=443): Max retries exceeded with url: / (Caused by SSLError(SSLCertVerificationError(1, '[SSL: CERTIFICATE_VERIFY_FAILED] certificate verify failed: unable to get local issuer certificate (_ssl.c:1000)')))"
